{"cameraMode":{"drawMode":0,"name":"Shaded","section":"Shading Mode"},"sceneLighting":true,"audioPlay":false,"sceneViewState":{"showFog":true,"showMaterialUpdate":false,"showSkybox":true,"showFlares":true,"showImageEffects":true,"showParticleSystems":true},"in2DMode":false,"pivot":{"x":263.0288391113281,"y":64.33123779296875,"z":635.9666137695313},"rotation":{"x":-0.15122516453266145,"y":-0.005340537056326866,"z":0.000816973450127989,"w":-0.9884855151176453},"size":570.0580444335938,"orthographic":false}