{"cameraMode":{"drawMode":0,"name":"Shaded","section":"Shading Mode"},"sceneLighting":true,"audioPlay":false,"sceneViewState":{"showFog":true,"showMaterialUpdate":false,"showSkybox":true,"showFlares":true,"showImageEffects":true,"showParticleSystems":true},"in2DMode":false,"pivot":{"x":-0.4140068292617798,"y":-1.7384259700775147,"z":9.05456256866455},"rotation":{"x":-0.22628086805343629,"y":0.02103540115058422,"z":-0.004890241660177708,"w":-0.9738342761993408},"size":6.098062992095947,"orthographic":false}