{"cameraMode":{"drawMode":0,"name":"Shaded","section":"Shading Mode"},"sceneLighting":false,"audioPlay":false,"sceneViewState":{"showFog":true,"showMaterialUpdate":false,"showSkybox":true,"showFlares":true,"showImageEffects":true,"showParticleSystems":true},"in2DMode":false,"pivot":{"x":0.047454833984375,"y":-0.6319965124130249,"z":7.561476230621338},"rotation":{"x":-0.16142013669013978,"y":0.04646191745996475,"z":-0.007608701474964619,"w":-0.9857717752456665},"size":6.140407562255859,"orthographic":false}